intervention_name,num_features,n_samples,mean_true_logit_change,median_true_logit_change,mean_margin_change,median_margin_change,margin_change_95CI_low,margin_change_95CI_high,percent_margin_improved,num_predictions_recovered,recovery_rate,paired_pvalue,effect_size,random_control_mean,random_control_std,random_empirical_pvalue,magnitude_matched_control_mean,magnitude_matched_control_std,magnitude_matched_empirical_pvalue
candidate_6730,1,190,0.0027930549885097303,-0.00034236907958984375,0.004861637165671901,0.0004467964172363281,-3.1880108933699754e-05,0.009982741224138354,52.10526315789473,2,0.010526315789473684,0.25143073380984793,0.136893270324998,,,,,,
candidate_3122,1,190,0.0003562248066851967,0.0006983280181884766,-0.0003788157513267116,-0.000331878662109375,-0.004359397950925325,0.0034784140084919172,48.94736842105264,2,0.010526315789473684,0.9061342271870453,-0.01390587422351461,,,,,,
candidate_22739,1,190,0.1502549471039521,0.05138969421386719,0.016875827939886796,0.008374691009521484,-0.01708893063821291,0.050823729132351114,56.84210526315789,6,0.031578947368421054,0.12497423413158068,0.06858290725704597,,,,,,
candidate_6966,1,190,0.21598702151524393,0.11778473854064941,0.1061906852220234,0.031711578369140625,0.0677492597542311,0.15018441906100816,62.10526315789474,9,0.04736842105263158,6.840446233252346e-06,0.3476961672462116,,,,,,
candidate_top_1,1,190,0.0027930549885097303,-0.00034236907958984375,0.004861637165671901,0.0004467964172363281,-3.1880108933699754e-05,0.009982741224138354,52.10526315789473,2,0.010526315789473684,0.25143073380984793,0.136893270324998,,,,,,
candidate_top_2,2,190,0.003127214939970719,0.0010540485382080078,0.004519068567376387,0.004022836685180664,-0.0014620713497463026,0.010617306483419318,55.26315789473685,3,0.015789473684210527,0.10246109234663418,0.10665374044574955,,,,,,
candidate_top_3,3,190,0.15468728777609372,0.06254029273986816,0.021524520924216823,0.014984130859375,-0.012518272995948791,0.05532147658498661,58.42105263157895,8,0.042105263157894736,0.05617030984699732,0.08673171309228729,,,,,,
candidate_top_4,4,190,0.314585469114153,0.14810466766357422,0.14114411002711247,0.052019596099853516,0.08091545886115024,0.2074303775084646,66.3157894736842,11,0.05789473684210526,4.5854184123552495e-06,0.3043701724956357,0.03655895057477449,nan,0.5,0.09455792025515908,nan,0.5
global_top_1,1,190,0.0027930549885097303,-0.00034236907958984375,0.004861637165671901,0.0004467964172363281,-3.1880108933699754e-05,0.009982741224138354,52.10526315789473,2,0.010526315789473684,0.25143073380984793,0.136893270324998,0.0016613784589265522,nan,0.5,0.005792209976597836,nan,1.0
global_top_2,2,190,0.003127214939970719,0.0010540485382080078,0.004519068567376387,0.004022836685180664,-0.0014620713497463026,0.010617306483419318,55.26315789473685,3,0.015789473684210527,0.10246109234663418,0.10665374044574955,0.008452864697105007,nan,1.0,0.010895008789865594,nan,1.0
global_top_4,4,190,0.314585469114153,0.14810466766357422,0.14114411002711247,0.052019596099853516,0.08091545886115024,0.2074303775084646,66.3157894736842,11,0.05789473684210526,4.5854184123552495e-06,0.3043701724956357,0.014221749807658949,nan,0.5,0.09455792025515908,nan,0.5
global_top_8,8,190,0.3096927882809388,0.1420508325099945,0.11982690158643221,0.04328656196594238,0.06522480710556633,0.18192656030780388,66.84210526315789,11,0.05789473684210526,1.208402023428313e-05,0.28717622539688475,0.04716521187832481,nan,0.5,0.19427672185395894,nan,1.0
global_top_16,16,190,0.35356229182920956,0.18404729664325714,0.17488506342235363,0.08170580863952637,0.11673442696270189,0.2388244379194159,65.78947368421053,11,0.05789473684210526,2.0632945569751162e-08,0.3927244998914955,0.06649862716072484,nan,0.5,0.23283596791719136,nan,1.0
global_top_32,32,190,0.4096303768848118,0.23403120040893555,0.24406937423505282,0.16309189796447754,0.18357167256505866,0.3098361654658066,75.78947368421053,17,0.08947368421052632,1.0284872636755721e-14,0.5336897140218623,0.11273678227474815,nan,0.5,0.31255210700787994,nan,1.0
global_top_64,64,190,0.41257204146761645,0.2894238233566284,0.2573100767637554,0.20110559463500977,0.19988070011138917,0.31924327900535177,74.21052631578947,16,0.08421052631578947,2.136380445151382e-14,0.6013063234114328,0.2751396618391338,nan,1.0,0.5856157980467144,nan,1.0
personal_top_1,1,190,-0.24740127921104432,-0.1226506233215332,-0.053771089252672696,-0.028871536254882812,-0.10425832444115689,-0.001841643264419199,41.578947368421055,6,0.031578947368421054,0.016052230257124385,-0.14943951711586612,,,,,,
personal_top_2,2,190,-0.07850057718000913,-0.042122840881347656,-0.018189367495085065,-0.03362226486206055,-0.08304014943147961,0.052901171226250404,44.73684210526316,6,0.031578947368421054,0.04586139450246434,-0.03932200886647705,,,,,,
personal_top_4,4,190,0.13213995569630674,0.06990718841552734,0.08804932519009238,0.022396564483642578,0.01254323830730037,0.1690042956565556,53.68421052631579,12,0.06315789473684211,0.2808680766249033,0.1648441116366647,,,,,,
personal_top_8,8,190,0.4400398745348579,0.2922799587249756,0.3020306587219238,0.15522003173828125,0.21835019839437386,0.3952167430049494,68.42105263157895,22,0.11578947368421053,1.6989009850498256e-09,0.48268309496581296,,,,,,
personal_top_16,16,190,0.6990837947318428,0.4957156181335449,0.607013319668017,0.3651607036590576,0.49733985019357585,0.7366763051560051,81.57894736842105,29,0.15263157894736842,3.270605505538667e-21,0.7175611458841659,,,,,,
personal_top_32,32,190,1.0197978414987263,0.8182766437530518,1.006335237151698,0.6755273342132568,0.858608666752514,1.1741637756949976,86.8421052631579,48,0.25263157894736843,1.3664370842387071e-27,0.9062948922444753,,,,,,
combo_6730_3122,2,190,0.003127214939970719,0.0010540485382080078,0.004519068567376387,0.004022836685180664,-0.0014620713497463026,0.010617306483419318,55.26315789473685,3,0.015789473684210527,0.10246109234663418,0.10665374044574955,,,,,,
combo_6730_22739,2,190,0.1537395494548898,0.06209993362426758,0.02227941688738371,0.012571334838867188,-0.011577086668265494,0.056442754990176126,58.42105263157895,6,0.031578947368421054,0.05771525292896175,0.08884347054414748,,,,,,
combo_6730_6966,2,190,0.21868919322365207,0.11790943145751953,0.11099846614034552,0.03840517997741699,0.07076208353042603,0.15667455930458862,66.3157894736842,8,0.042105263157894736,1.0362836534918276e-06,0.35625964707496105,,,,,,
combo_3122_22739,2,190,0.15120763888484554,0.05600559711456299,0.0160577046243768,0.01098012924194336,-0.017675506660812777,0.04951917478912755,57.36842105263158,7,0.03684210526315789,0.1289097266457482,0.06585342048706438,,,,,,
combo_3122_6966,2,190,0.21687536192567725,0.11875724792480469,0.10548824636559738,0.024135112762451172,0.06785176462248751,0.14982858773909116,62.63157894736842,9,0.04736842105263158,8.915089261356082e-06,0.3512540420113199,,,,,,
combo_22739_6966,2,190,0.310026038791004,0.13558030128479004,0.13639233739752518,0.04568147659301758,0.07579521053715756,0.2027802875167445,64.21052631578948,12,0.06315789473684211,1.700527785659983e-05,0.2943350328105787,,,,,,
combo_6730_3122_22739,3,190,0.15468728777609372,0.06254029273986816,0.021524520924216823,0.014984130859375,-0.012518272995948791,0.05532147658498661,58.42105263157895,8,0.042105263157894736,0.05617030984699732,0.08673171309228729,,,,,,
combo_6730_3122_6966,3,190,0.2195591528164713,0.11930322647094727,0.11035353886453729,0.03953695297241211,0.071090311157076,0.15484366661623902,64.21052631578948,8,0.042105263157894736,1.2655087292016008e-06,0.3603552028116692,,,,,,
combo_6730_22739_6966,3,190,0.31309465311075513,0.14278346300125122,0.14151678587261,0.05373954772949219,0.08104232985722391,0.20849201365521078,63.68421052631579,11,0.05789473684210526,5.298418163946482e-06,0.3020532625289761,,,,,,
combo_3122_22739_6966,3,190,0.3115246902955206,0.14532256126403809,0.13596529835148863,0.04991865158081055,0.07594317414258656,0.2013008894418415,65.78947368421053,11,0.05789473684210526,1.4825072684491998e-05,0.2963452843628338,,,,,,
reverse_candidate_6730,1,190,1.0590804250616775e-06,-0.0004730224609375,-0.0006750407971833881,0.00047969818115234375,-0.0049638342229943525,0.0034038514212558144,51.578947368421055,0,0.0,0.6437647360539904,-0.022891228357955526,,,,,,
reverse_candidate_3122,1,190,-0.0020081043243408204,-0.0017218589782714844,-0.0017094160381116365,-0.0007433891296386719,-0.005706676181993987,0.002302107685490657,48.94736842105264,0,0.0,0.605994038259638,-0.060785346195743904,,,,,,
reverse_candidate_22739,1,190,-0.11249343470523232,-0.028553009033203125,-0.06810210880480315,-0.019539833068847656,-0.09721546078983107,-0.04248910527480278,29.47368421052631,0,0.0,2.3690796110659186e-09,-0.35477989279885197,,,,,,
reverse_candidate_6966,1,190,-0.1722089089845356,-0.07377433776855469,-0.11618371762727436,-0.04804086685180664,-0.16101721474998876,-0.07619361319039998,29.47368421052631,2,0.010526315789473684,1.565878624763189e-09,-0.3862541629993407,,,,,,
reverse_candidate_top_1,1,190,1.0590804250616775e-06,-0.0004730224609375,-0.0006750407971833881,0.00047969818115234375,-0.0049638342229943525,0.0034038514212558144,51.578947368421055,0,0.0,0.6437647360539904,-0.022891228357955526,,,,,,
reverse_candidate_top_2,2,190,-0.002043591047588148,-0.0007557868957519531,-0.0024110944647538035,0.0007529258728027344,-0.00785181309047498,0.0033938800661187413,52.10526315789473,0,0.0,0.907178235761731,-0.05974376304060607,,,,,,
reverse_candidate_top_3,3,190,-0.11266763084813168,-0.0372014045715332,-0.0695179638109709,-0.02881622314453125,-0.09942415337813527,-0.04403393048989147,31.57894736842105,0,0.0,1.9413441049751216e-08,-0.35988245964168913,,,,,,
reverse_candidate_top_4,4,190,-0.4869906827023155,-0.1692185401916504,-0.2660980977510151,-0.08197975158691406,-0.36274983293131774,-0.18765318010982718,26.842105263157894,6,0.031578947368421054,3.757525740479454e-13,-0.44164517771748146,,,,,,
reverse_global_top_1,1,190,1.0590804250616775e-06,-0.0004730224609375,-0.0006750407971833881,0.00047969818115234375,-0.0049638342229943525,0.0034038514212558144,51.578947368421055,0,0.0,0.6437647360539904,-0.022891228357955526,,,,,,
reverse_global_top_2,2,190,-0.002043591047588148,-0.0007557868957519531,-0.0024110944647538035,0.0007529258728027344,-0.00785181309047498,0.0033938800661187413,52.10526315789473,0,0.0,0.907178235761731,-0.05974376304060607,,,,,,
reverse_global_top_4,4,190,-0.4869906827023155,-0.1692185401916504,-0.2660980977510151,-0.08197975158691406,-0.36274983293131774,-0.18765318010982718,26.842105263157894,6,0.031578947368421054,3.757525740479454e-13,-0.44164517771748146,,,,,,
reverse_global_top_8,8,190,-0.3943077714819657,-0.14174747467041016,-0.23410411884910182,-0.09803056716918945,-0.31258673805939524,-0.16431600984774145,28.947368421052634,3,0.015789473684210527,1.3147727939280567e-12,-0.4566849467789742,,,,,,
reverse_global_top_16,16,190,-0.433818372927214,-0.1746387481689453,-0.27135746604517885,-0.12436103820800781,-0.35142679785427294,-0.1989561750386891,26.842105263157894,5,0.02631578947368421,1.5542500476765226e-14,-0.50264406029649,,,,,,
reverse_global_top_32,32,190,-0.4836128084283126,-0.20386123657226562,-0.311218776200947,-0.1504983901977539,-0.39773363445934495,-0.2325222883726422,23.157894736842106,6,0.031578947368421054,2.202853150845263e-15,-0.5309738882052891,,,,,,
reverse_global_top_64,64,190,-0.2854062130576686,-0.16852426528930664,-0.2318496026490864,-0.13186407089233398,-0.30066927131853605,-0.16800607718919458,28.421052631578945,5,0.02631578947368421,2.566113751184417e-13,-0.49023180947424705,,,,,,
reverse_personal_top_1,1,190,0.039999088488127055,0.03339958190917969,0.023297375126888877,0.01381826400756836,-0.00628568919081437,0.05244541049003599,58.42105263157895,2,0.010526315789473684,0.025236140824962564,0.11173852889455496,,,,,,
reverse_personal_top_2,2,190,-0.012431039308246813,0.013732433319091797,-0.014160690809551037,-0.004012107849121094,-0.05232459300442746,0.02008982501531902,48.421052631578945,2,0.010526315789473684,0.4212052936464391,-0.0545621629122658,,,,,,
reverse_personal_top_4,4,190,-0.12134749763890317,-0.03386354446411133,-0.10746109360142758,-0.05710291862487793,-0.16840734764149315,-0.05079713821411139,37.89473684210527,3,0.015789473684210527,7.88463433590821e-05,-0.2671009229116159,,,,,,
reverse_personal_top_8,8,190,-0.29217784279271175,-0.12295150756835938,-0.2690432924973337,-0.16994857788085938,-0.37032736408083067,-0.17867352598591857,29.47368421052631,6,0.031578947368421054,1.1798562397285594e-10,-0.4124813573022704,,,,,,
reverse_personal_top_16,16,190,-0.48046936737863644,-0.2785024642944336,-0.44873000948052655,-0.2922482490539551,-0.5799069777915352,-0.3405351110508569,21.052631578947366,7,0.03684210526315789,1.01443262907281e-17,-0.5599541058226966,,,,,,
reverse_personal_top_32,32,190,-0.6853597264540823,-0.4549713134765625,-0.6475921881826301,-0.48415327072143555,-0.7846151266599956,-0.5276418362793169,15.263157894736842,13,0.06842105263157895,3.063018738931417e-23,-0.7199372454479114,,,,,,
reverse_combo_6730_3122,2,190,-0.002043591047588148,-0.0007557868957519531,-0.0024110944647538035,0.0007529258728027344,-0.00785181309047498,0.0033938800661187413,52.10526315789473,0,0.0,0.907178235761731,-0.05974376304060607,,,,,,
reverse_combo_6730_22739,2,190,-0.11174771911219547,-0.03078174591064453,-0.06894636154174805,-0.01903057098388672,-0.0987501123076991,-0.043454019395928634,29.47368421052631,0,0.0,2.202852887911828e-09,-0.3601126307339731,,,,,,
reverse_combo_6730_6966,2,190,-0.17085618470844469,-0.07552719116210938,-0.11599495536402653,-0.0452733039855957,-0.16090244161455255,-0.07530542524237384,31.05263157894737,2,0.010526315789473684,2.944453166841457e-09,-0.382050667196467,,,,,,
reverse_combo_3122_22739,2,190,-0.11336533395867598,-0.03531312942504883,-0.06862571113987972,-0.023243427276611328,-0.09865016912159166,-0.04272456175402593,32.631578947368425,0,0.0,4.2501596511159544e-08,-0.35474574775878936,,,,,,
reverse_combo_3122_6966,2,190,-0.1714325980136269,-0.08361530303955078,-0.11591782569885253,-0.04128384590148926,-0.1596280666401512,-0.07563166768927324,31.57894736842105,2,0.010526315789473684,4.1192904039615916e-09,-0.3840125285625563,,,,,,
reverse_combo_22739_6966,2,190,-0.49309633656551966,-0.16959428787231445,-0.2669068712937204,-0.09374761581420898,-0.36409739582162154,-0.18759011632517766,25.789473684210527,6,0.031578947368421054,2.15007158866117e-13,-0.44069957818274186,,,,,,
reverse_combo_6730_3122_22739,3,190,-0.11266763084813168,-0.0372014045715332,-0.0695179638109709,-0.02881622314453125,-0.09942415337813527,-0.04403393048989147,31.57894736842105,0,0.0,1.9413441049751216e-08,-0.35988245964168913,,,,,,
reverse_combo_6730_3122_6966,3,190,-0.1701267769462184,-0.07941818237304688,-0.11586784563566509,-0.05236625671386719,-0.16078126963816192,-0.07480956849298985,33.1578947368421,2,0.010526315789473684,6.778253778217056e-09,-0.3802319724820641,,,,,,
reverse_combo_6730_22739_6966,3,190,-0.49066203016983834,-0.17660951614379883,-0.26745336683172927,-0.08890628814697266,-0.36504007948072337,-0.18775883166413562,25.789473684210527,6,0.031578947368421054,2.8028338026305123e-13,-0.4406886749888816,,,,,,
reverse_combo_3122_22739_6966,3,190,-0.48937483837730006,-0.16815900802612305,-0.2654976644014057,-0.08694076538085938,-0.36195072425039193,-0.18719704377023805,26.31578947368421,6,0.031578947368421054,3.649232329472637e-13,-0.44149483389177224,,,,,,
