base_feature,matched_tuned_feature,decoder_cosine,base_mean_noise_minus_clean,tuned_mean_noise_minus_clean,base_direction_consistency,tuned_direction_consistency,base_margin_correlation,tuned_margin_correlation,base_margin_qvalue,tuned_margin_qvalue,same_change_direction,same_harmful_association_direction,tuned_remains_fdr_significant
14024,14024,0.6442898511886597,2.3645541667938232,2.484276533126831,0.8504,0.8886,-0.15758951008319855,-0.11185918748378754,1.5577528144803293e-25,8.665826856820344e-12,True,True,True
23037,23037,0.6211668252944946,2.050886392593384,-0.3767475485801697,0.8742,0.6014,-0.09251988679170609,0.03209318220615387,2.669840845240554e-08,0.40627332643738817,False,False,False
2339,2339,0.34226638078689575,1.8002564907073975,0.0,0.797,0.0,-0.1455956995487213,0.0,9.221664124479841e-22,1.0,False,False,False
66,66,0.4136328399181366,1.6784621477127075,0.10704430937767029,0.8606,0.5048,-0.08447384834289551,-0.03325920179486275,8.606812435681248e-07,0.36967867037610097,True,True,False
5230,5230,0.3603978753089905,1.4330500364303589,5.926698349867365e-07,0.7558,0.0004,-0.14436951279640198,-0.01551107969135046,1.5363507068898635e-21,0.9988109640621736,True,True,False
6966,6966,0.21786019206047058,1.5296547412872314,-0.031230520457029343,0.7486,0.5458,-0.13911211490631104,0.012138335034251213,5.345994722189132e-20,0.9988109640621736,False,False,False
17581,17581,0.5814206004142761,1.7358499765396118,1.1993141174316406,0.8492,0.749,-0.0720267966389656,-0.08141516894102097,5.899331888031156e-05,6.59090663948092e-06,True,True,True
23603,23603,0.3548012971878052,0.9481937289237976,0.6366979479789734,0.7058,0.6598,-0.0980839803814888,-0.05012393370270729,2.610140587029399e-09,0.026352289948651256,True,True,True
11406,11406,0.5919056534767151,1.0712867975234985,0.3285383880138397,0.7034,0.5688,-0.08829808980226517,-0.04893080145120621,1.7196768621330348e-07,0.03241059209703148,True,True,True
21053,21053,0.4696035087108612,1.1268731355667114,-0.6163393259048462,0.7732,0.6812,-0.05821508541703224,0.0056994203478097916,0.0028263074823841852,0.9988109640621736,False,False,False
12873,12873,0.27804094552993774,0.8272079825401306,0.0,0.7144,0.0,-0.07795671373605728,0.0,1.1182396349714676e-05,1.0,False,False,False
10151,10151,0.21913057565689087,0.8967565298080444,0.0,0.7108,0.0,-0.07855173945426941,0.0,9.589031390255798e-06,1.0,False,False,False
5878,5878,0.4063672423362732,1.001379132270813,-0.8041402101516724,0.7338,0.7116,-0.060560762882232666,-0.0018820347031578422,0.0015726811953209107,0.9988109640621736,False,True,False
8904,8904,0.46853700280189514,1.2506506443023682,-0.07646489143371582,0.716,0.5188,-0.06625434756278992,0.01329667679965496,0.00033797663999004206,0.9988109640621736,False,False,False
10752,10752,0.44471055269241333,0.775443434715271,-0.13212698698043823,0.6732,0.5492,-0.06955703347921371,0.026461586356163025,0.00012222903256239686,0.7110287360846996,False,False,False
23756,23756,0.25802677869796753,1.066860318183899,0.0,0.7442,0.0,-0.04710200056433678,0.0,0.02581784937178276,1.0,False,False,False
3893,3893,0.3854156732559204,0.8124859929084778,0.4948211908340454,0.698,0.6432,-0.0604398138821125,-0.02161996066570282,0.0016023762404716656,0.9988109640621736,True,True,False
17400,5750,0.16216716170310974,0.5147237181663513,0.0,0.6206,0.0,-0.09750425070524216,0.0,2.99529260781762e-09,1.0,False,False,False
17814,17814,0.5844544172286987,0.8963491320610046,-0.346993088722229,0.6,0.5444,-0.11178307980298996,-0.023480484262108803,1.93137014483841e-12,0.8411427416628406,False,True,False
16938,16938,0.4394141435623169,0.7893252968788147,-0.2681399881839752,0.6944,0.5908,-0.04458966478705406,0.00781568419188261,0.04206584347835319,0.9988109640621736,False,False,False
4889,4889,0.23880091309547424,0.5781940817832947,6.88917793922883e-08,0.6444,0.0002,-0.06556234508752823,0.010015436448156834,0.0003665967718162148,0.9988109640621736,True,False,False
7166,19478,0.14720217883586884,0.5560343861579895,1.5259835208780714e-06,0.6264,0.0002,-0.06727426499128342,-0.011678546667098999,0.0002589460871860183,0.9988109640621736,True,True,False
9489,9489,0.49033939838409424,0.5157456994056702,0.003617271315306425,0.6262,0.503,-0.06520538032054901,0.013365129940211773,0.00040404261985064034,0.9988109640621736,True,False,False
3763,3763,0.35342568159103394,0.6332237720489502,-0.5294772982597351,0.6426,0.661,-0.048065826296806335,0.014020083472132683,0.020884289675921524,0.9988109640621736,False,False,False
10585,10585,0.5288019180297852,0.5528627634048462,0.3940739333629608,0.6378,0.6024,-0.04895106330513954,0.0059425802901387215,0.01820469075652558,0.9988109640621736,True,False,False
19674,19674,0.5111329555511475,0.40945202112197876,0.09319713711738586,0.6088,0.5134,-0.05310031771659851,0.003619113704189658,0.007346839941968901,0.9988109640621736,True,False,False
3867,3867,0.5955183506011963,0.46648383140563965,0.22968637943267822,0.6104,0.5558,-0.04893771559000015,-0.0330587662756443,0.01820469075652558,0.3712660780097071,True,True,False
4705,4705,0.43115854263305664,0.45440614223480225,-0.15089528262615204,0.613,0.5598,-0.043951742351055145,-0.019546136260032654,0.04818279775679998,0.9988109640621736,False,True,False
7331,7331,0.4632303714752197,0.371428906917572,-0.5063623785972595,0.6002,0.615,-0.05418359488248825,0.005491464398801327,0.005614587848108339,0.9988109640621736,False,False,False
6553,6553,0.19808949530124664,0.38186410069465637,0.0,0.6012,0.0,-0.04801163449883461,0.0,0.02102764425632943,1.0,False,False,False
682,682,0.690288782119751,-0.9240591526031494,-0.2126452922821045,0.606,0.5382,0.05442100390791893,0.01245555654168129,0.005301563650543055,0.9988109640621736,True,True,False
14190,1988,0.13976702094078064,0.04038068279623985,0.0,0.685,0.0,-0.0474899597465992,0.0,0.023546029980476762,1.0,False,False,False
